Name,Authors,Narrators,Series,SeriesNumber
Adam Hills: Happyism [Live Standup Comedy],Adam Hills,Adam Hills,,
Adam Hills: Clown Heart [Live Standup Comedy],Adam Hills,Adam Hills,,
This Is Going to Hurt,Adam Kay,Adam Kay,,
Twas the Nightshift Before Christmas,Adam Kay,Adam Kay,,
Dear NHS,Adam Kay,"Stephen Fry, Joanna Lumley, Paul McCartney, Various",,
What Seems to Be the Problem?,"Adam Kay, Mark Watson","Adam Kay, Mark Watson",,
Children of Time,Adrian Tchaikovsky,Mel Hudson,The Children of Time,1
Dogs of War,Adrian Tchaikovsky,Laurence Bouvard,,
The Doors of Eden,Adrian Tchaikovsky,Sophie Aldred,,
Murder on the Orient Express,Agatha Christie,Tom Conti,,
Doctor Who - Destiny of the Doctor - Enemy Aliens,Alan Barnes,"India Fisher, Michael Maloney",,
"Alan Carr - Yap, Yap, Yap! [Live Standup Comedy]",Alan Carr,Alan Carr,,
"Alan Carr, Spexy Beast  [Live Standup Comedy]",Alan Carr,Alan Carr,,
Just Ignore Him,Alan Davies,Alan Davies,,
"Alan Davies, Urban Trauma  [Live Standup Comedy]",Alan Davies,Alan Davies,,
Jerusalem,Alan Moore,Simon Vance,,
"Madly, Deeply ( The Alan Rickman Diaries )",Alan Rickman,Steven Crossley,,
Brave New World,Aldous Huxley,Michael York,,
Winter Dark,Alex callister,Ell Potter,The Winter Series,1
Winter Rising,Alex callister,Ell Potter,The Winter Series,2
Roots,Alex Haley,Avery Brooks,,
The Count of Monte Cristo,Alexandre Dumas,Andrew Timothy,,
The Stars My Destination,Alfred Bester,Gerard Doyle,,
Lost Acre,Andrew Caldecott,Kris Dyer,Rotherweird,3
Rotherweird,Andrew Caldecott,Kris Dyer,Rotherweird,1
Wyntertide,Andrew Caldecott,Kris Dyer,Rotherweird,2
Momenticon,Andrew Caldecott,John Hastings,,
Attack and Decay,Andrew Cartmel,Finlay Robertson,The Vinyl Detective,6
Flip Back,Andrew Cartmel,Finlay Robertson,The Vinyl Detective,4
Low Action,Andrew Cartmel,Finlay Robertson,The Vinyl Detective,5
The Run Out Groove,Andrew Cartmel,Finlay Robertson,The Vinyl Detective,2
Victory Disc,Andrew Cartmel,Finlay Robertson,The Vinyl Detective,3
Written in Dead Wax,Andrew Cartmel,Ben Allen,The Vinyl Detective,1
Doctor Who - Destiny of the Doctor - Vengeance of the Stones,Andrew Smith,"Richard Franklin, Trevor Littledale",,
Baptism of Fire,Andrzej Sapkowski,Peter Kenny,The Witcher,3
Blood of Elves,Andrzej Sapkowski,Peter Kenny,The Witcher,1
Sword of Destiny,Andrzej Sapkowski,Peter Kenny,The Witcher,0.2
The Last Wish,Andrzej Sapkowski,Peter Kenny,The Witcher,0.1
Time of Contempt,Andrzej Sapkowski,Peter Kenny,The Witcher,2
Andy Parsons - Britain's Got Idiots  [Live Standup Comedy],Andy Parsons,Andy Parsons,,
"Andy Parsons, Gruntled  [Live Standup Comedy]",Andy Parsons,Andy Parsons,,
Artemis,Andy Weir,Rosario Dawson,,
Project Hail Mary,Andy Weir,Ray Porter,,
The Martian,Andy Weir,Wil Wheaton,,
The Martian,Andy Weir,RC Bray,,
Scrappy Little Nobody,Anna Kendrick,Anna Kendrick,,
Kitchen Confidential,Anthony Bourdain,Anthony Bourdain,,
Medium Raw,Anthony Bourdain,Anthony Bourdain,,
A Clockwork Orange,Anthony Burgess,Tom Hollander,,
"Hot Lead, Cold Iron",Ari Marmell,"Eric Messner, Ren Kasey, Terence Aselford",Mick Oberon,1
2001: A Space Odyssey,Arthur C. Clarke,Dick Hill,Space Odyssey,1
Rendezvous with Rama,Arthur C. Clarke,Toby Longworth,,
Childhood's End,Arthur C. Clarke,Greg Wagland,,
Sherlock Holmes: The Definitive Collection,Arthur Conan Doyle,Stephen Fry,,
The Bro Code,Barney Stinson,Neil Patrick Harris,,
Amongst Our Weapons,Ben Aaronovitch,Kobna Holdbrook-Smith,Rivers Of London,9
Broken Homes,Ben Aaronovitch,Kobna Holdbrook-Smith,Rivers Of London,4
False Value,Ben Aaronovitch,Kobna Holdbrook-Smith,Rivers Of London,8
Tales from the Folly,Ben Aaronovitch,Kobna Holdbrook-Smith,Rivers Of London,8.5
The Hanging Tree,Ben Aaronovitch,Kobna Holdbrook-Smith,Rivers Of London,6
What Abigail Did That Summer,Ben Aaronovitch,Shvorne Marks,Rivers Of London,5.3
Foxglove Summer,Ben Aaronovitch,Kobna Holdbrook-Smith,Rivers Of London,5
Lies Sleeping,Ben Aaronovitch,Kobna Holdbrook-Smith,Rivers Of London,7
Moon over Soho,Ben Aaronovitch,Kobna Holdbrook-Smith,Rivers Of London,2
Rivers of London,Ben Aaronovitch,Kobna Holdbrook-Smith,Rivers Of London,1
The Furthest Station,Ben Aaronovitch,Kobna Holdbrook-Smith,Rivers Of London,5.5
The October Man,Ben Aaronovitch,Sam Peter Jackson,Rivers Of London,7.5
Whispers Under Ground,Ben Aaronovitch,Kobna Holdbrook-Smith,Rivers Of London,3
Winter's Gifts,Ben Aaronovitch,Penelope Rawlins,Rivers Of London,9.5
Harry Potter: A History of Magic,Ben Davies,Natalie Dormer,,
Blackadder: The Complete Collected Series,"Ben Elton, Richard Curtis",Rowan Atkinson,,
Operation Mincemeat,Ben Macintyre,John Lee,,
A Short History of Nearly Everything,Bill Bryson,William Roberts,,
Windswept & Interesting,Billy Connolly,Billy Connolly,,
Pines,Blake Crouch,Paul Michael Garcia,Wayward Pines,1
Dark Matter,Blake Crouch,Jon Lindstrom,,
And Away...,Bob Mortimer,Bob Mortimer,,
The Satsuma Complex,Bob Mortimer,Sally Phillips,,
Mortimer & Whitehouse: Gone Fishing,"Bob Mortimer, Paul Whitehouse","Bob Mortimer, Paul Whitehouse",,
"Comedy, Comedy, Comedy, Drama",Bob Odenkirk,Bob Odenkirk,,
The Escape Artist,Brad Meltzer,Scott Brick,Zig and Nola,1
The Fifth Assassin,Brad Meltzer,Scott Brick,,
The Lightning Rod,Brad Meltzer,Scott Brick,Zig and Nola,2
Snapshot,Brandon Sanderson,William DeMeritt,,
The Final Empire,Brandon Sanderson,Michael Kramer,The Mistborn Saga,1
The Well of Ascension,Brandon Sanderson,Michael Kramer,The Mistborn Saga,2
The Hero of Ages,Brandon Sanderson,Michael Kramer,The Mistborn Saga,3
The Alloy of Law,Brandon Sanderson,Michael Kramer,The Mistborn Saga,4
Absolute Pandemonium: The Autobiography,Brian Blessed,Brian Blessed,,
Doomwyte,Brian Jacques,Brian Jacques,Redwall,19
Eulalia!,Brian Jacques,Brian Jacques,Redwall,18
High Rhulain,Brian Jacques,Brian Jacques,Redwall,17
Legend of Luke,Brian Jacques,Brian Jacques,Redwall,11
Loamhedge,Brian Jacques,Brian Jacques,Redwall,15
Lord Brocktree,Brian Jacques,Brian Jacques,Redwall,12
Mariel of Redwall,Brian Jacques,Brian Jacques,Redwall,3
Marlfox,Brian Jacques,Brian Jacques,Redwall,10
Martin the Warrior,Brian Jacques,Brian Jacques,Redwall,5
Mattimeo,Brian Jacques,Brian Jacques,Redwall,2
Mossflower,Brian Jacques,Brian Jacques,Redwall,0
Outcast of Redwall,Brian Jacques,Brian Jacques,Redwall,7
Pearls of Lutra,Brian Jacques,Brian Jacques,Redwall,8
Rakkety Tam,Brian Jacques,Brian Jacques,Redwall,16
Redwall,Brian Jacques,Brian Jacques,Redwall,1
Salamandastron,Brian Jacques,Brian Jacques,Redwall,4
The Bellmaker,Brian Jacques,Brian Jacques,Redwall,6
The Long Patrol,Brian Jacques,Brian Jacques,Redwall,9
The Sable Quean,Brian Jacques,Brian Jacques,Redwall,20
The Taggerung,Brian Jacques,Brian Jacques,Redwall,13
Triss,Brian Jacques,Brian Jacques,Redwall,14
Love Will Tear Us Apart,"C. K. McDonnell, Caimh McDonnell",Brendan McDonald,The Stranger Times,3
The Stranger Times,"C. K. McDonnell, Caimh McDonnell",Brendan McDonald,The Stranger Times,1
This Charming Man,"C. K. McDonnell, Caimh McDonnell",Brendan McDonald,The Stranger Times,2
Prince Caspian,C.S. Lewis,Lynn Redgrave,Chronicles Of Narnia,4
The Horse and His Boy,C.S. Lewis,Alex Jennings,Chronicles Of Narnia,3
The Last Battle,C.S. Lewis,Patrick Stewart,Chronicles Of Narnia,7
"The Lion, the Witch and the Wardrobe",C.S. Lewis,Michael York,Chronicles Of Narnia,2
The Magician's Nephew,C.S. Lewis,Kenneth Branagh,Chronicles Of Narnia,1
The Silver Chair,C.S. Lewis,Jeremy Northam,Chronicles Of Narnia,6
The Voyage of the Dawn Treader,C.S. Lewis,Derek Jacobi,Chronicles Of Narnia,5
Deccie Must Die,Caimh McDonnell,Morgan C Jones,MCM Investigations,2
The Final Game,Caimh McDonnell,Morgan C Jones,MCM Investigations,1
Angels in the Moonlight,Caimh McDonnell,Morgan C Jones,The Dublin Trilogy,1
Dead Man's Sins,Caimh McDonnell,Morgan C Jones,The Dublin Trilogy,2
Firewater Blues,Caimh McDonnell,Morgan C Jones,The Dublin Trilogy,3
The Family Jewels,Caimh McDonnell,Morgan C Jones,The Dublin Trilogy,4
A Man with One of Those Faces,Caimh McDonnell,Morgan C Jones,The Dublin Trilogy,5
The Day That Never Comes,Caimh McDonnell,Morgan C Jones,The Dublin Trilogy,6
Last Orders,Caimh McDonnell,Morgan C Jones,The Dublin Trilogy,7
Skinny Dip,Carl Hiaasen,Jeff Harding,Skink,5
Contact,Carl Sagan,Laurel Lefkow,,
Invisible Women,Caroline Criado-Perez,Caroline Criado-Perez,,
Lady Midnight: A Shadowhunter Novel,Cassandra Clare,Morena Baccarin,The Dark Artifices,1
A Bit of a Stretch,Chris Atkins,Chris Atkins,,
Chris Ramsey Live: All Growed Up [Live Standup Comedy],Chris Ramsey,Chris Ramsey,,
Where the Bodies are Buried,Christopher Brookmyre,Sarah Barron,Jasmine Sharp & Detective Catherine McLeod,1
Quite Ugly One Morning,Christopher Brookmyre,David Tennant,Jack Parlabane,1
The Cliff House,Christopher Brookmyre,Sarah Barron,,
Be My Enemy,Christopher Brookmyre,Angus King,Jack Parlabane,4
The Last Day of Christmas,Christopher Brookmyre,"Angus King, Kate Brracken",Jack Parlabane,6
A Big Boy Did It and Ran Away,Christopher Brookmyre,Steve Worsley,Angelique De Xavier,1
When the Devil Drives,Christopher Brookmyre,Sarah Barron,Jasmine Sharp & Detective Catherine McLeod,2
One Fine Day in the Middle of the Night,Christopher Brookmyre,Angus King,,
Attack of the Unsinkable Rubber Ducks,Christopher Brookmyre,Billy Boyd,Jack Parlabane,5
The Beekeeper of Aleppo,Christy Lefteri,Art Malik,,
Fight Club,Chuck Palahniuk,Jim Colby,,
The Three-Body Problem,Cixin Liu,Bruno Roubicek,The Three-Body Problem Series,1
The Dark Forest,Cixin Liu,Bruno Roubicek,The Three-Body Problem Series,2
The First Fifteen Lives of Harry August,Claire North,Peter Kenny,,
Arctic Drift,Clive Cussler,Scott Brick,Dirk Pitt,20
Atlantis Found,Clive Cussler,Scott Brick,Dirk Pitt,15
Black Wind,Clive Cussler,Scott Brick,Dirk Pitt,18
Crescent Dawn,Clive Cussler,Scott Brick,Dirk Pitt,21
Cyclops,Clive Cussler,Scott Brick,Dirk Pitt,8
Deep Six,Clive Cussler,Scott Brick,Dirk Pitt,7
Dragon,Clive Cussler,Scott Brick,Dirk Pitt,10
Flood Tide,Clive Cussler,Scott Brick,Dirk Pitt,14
Iceberg,Clive Cussler,Scott Brick,Dirk Pitt,3
Inca Gold,Clive Cussler,Scott Brick,Dirk Pitt,12
Mayday! (The Mediterranean Caper),Clive Cussler,Scott Brick,Dirk Pitt,2
Night Probe!,Clive Cussler,Scott Brick,Dirk Pitt,6
Pacific Vortex!,Clive Cussler,Scott Brick,Dirk Pitt,1
Raise the Titanic,Clive Cussler,Scott Brick,Dirk Pitt,4
Sahara,Clive Cussler,Scott Brick,Dirk Pitt,11
Shock Wave,Clive Cussler,Scott Brick,Dirk Pitt,13
Treasure,Clive Cussler,Scott Brick,Dirk Pitt,9
Treasure of Khan,Clive Cussler,Scott Brick,Dirk Pitt,19
Trojan Odyssey,Clive Cussler,Scott Brick,Dirk Pitt,17
Valhalla Rising,Clive Cussler,Scott Brick,Dirk Pitt,16
Vixen 03,Clive Cussler,Scott Brick,Dirk Pitt,5
Spartan Gold,Clive Cussler,Scott Brick,Fargo Adventures,1
Inferno,Dan Brown,Paul Michael,Robert Langdon,4
The Da Vinci Code,Dan Brown,Jeff Harding,Robert Langdon,2
The Lost Symbol,Dan Brown,Paul Michael,Robert Langdon,3
Disrupted (Ludicrous Misadventures into the Tech Start-Up Bubble),Dan Lyons,Dan Lyons,,
Hyperion,Dan Simmons,"Marc Vietor, Allyson Johnson, Kevin Pariseau",Hyperion,1
Flowers for Algernon,Daniel Keyes,Adam Sims,,
Stiletto,Daniel O'Malley,Maggie Mash,The Checquy Files,2
The Rook,Daniel O'Malley,Katy Carmichael,The Checquy Files,1
"Trejo:  My Life of Crime, Redemption and Hollywood",Danny Trejo,Danny Trejo,,
Who Is Tom Ditto?,Danny Wallace,"Christopher Ragland, Kobna Holdbrook-Smith",,
"Dara O'Briain, Craic Dealer [Live Standup Comedy]",Dara O'Briain,Dara O'Briain,,
Dara O'Briain Talks Funny Live in London [Live Standup Comedy],Dara O'Briain,Dara O Briain,,
Dara O'Briain: Crowd Tickler [Live Standup Comedy],Dara O'Briain,Dara O'Briain,,
Doctor Who - Destiny of the Doctor - Death's Deal,Darren Jones,"Catherine Tate, Duncan Wisbey",,
A Gambling Man,David Baldacci,"Brittany Pressley, Edoardo Ballerini",Aloysius Archer,2
A Minute To Midnight,David Baldacci,"Brittany Pressley, Kyf Brewer",Atlee Pine,2
Daylight,David Baldacci,"Brittany Pressley, Kyf Brewer",Atlee Pine,3
Deliver Us From Evil,David Baldacci,Ron McLarty,A Shaw,2
Divine Justice,David Baldacci,Ron McLarty,The Camel Club,4
Dream Town,David Baldacci,"Brittany Pressley, Edoardo Ballerini",Aloysius Archer,3
First Family,David Baldacci,Ron McLarty,King And Maxwell,4
Hell's Corner,David Baldacci,"Ron McLarty, Orlagh Cassidy",The Camel Club,5
Hour Game,David Baldacci,Scott Brick,King And Maxwell,2
King and Maxwell,David Baldacci,"Ron McLarty, Orlagh Cassidy",King And Maxwell,6
Long Road to Mercy,David Baldacci,"Brittany Pressley, Kyf Brewer",Atlee Pine,1
Long Shadows,David Baldacci,"Kyf Brewer, Orlagh Cassidy",Amos Decker,7
Memory Man,David Baldacci,"Ron McLarty, Orlagh Cassidy",Amos Decker,1
Mercy,David Baldacci,"Brittany Pressley, Kyf Brewer",Atlee Pine,4
One Good Deed,David Baldacci,Edoardo Ballerini,Aloysius Archer,1
Redemption,David Baldacci,"Kyf Brewer, Orlagh Cassidy",Amos Decker,5
Stone Cold,David Baldacci,Ron McLarty,The Camel Club,3
The 6:20 Man,David Baldacci,Christine Lakin,,
The Camel Club,David Baldacci,Jonathan Davis,The Camel Club,1
The Collectors,David Baldacci,LJ Ganser,The Camel Club,2
The Escape,David Baldacci,"Ron McLarty, Orlagh Cassidy",John Puller,3
The Fallen,David Baldacci,"Kyf Brewer, Orlagh Cassidy",Amos Decker,4
The Guilty,David Baldacci,"Kyf Brewer, Orlagh Cassidy",Will Robie,4
The Hit,David Baldacci,"Ron McLarty, Orlagh Cassidy",Will Robie,2
The Last Mile,David Baldacci,"Kyf Brewer, Orlagh Cassidy",Amos Decker,2
The Sixth Man,David Baldacci,"Ron McLarty, Orlagh Cassidy",King And Maxwell,5
The Target,David Baldacci,"Orlagh Cassidy, Ron McLarty",Will Robie,3
The Whole Truth,David Baldacci,Ron McLarty,A Shaw,1
Walk the Wire,David Baldacci,"Kyf Brewer, Orlagh Cassidy",Amos Decker,6
Zero Day,David Baldacci,"Ron McLarty, Orlagh Cassidy",John Puller,1
Absolute Power,David Baldacci,Scott Brick,,
Bullseye,David Baldacci,Ron McLarty,Will Robie,2.5
End Game,David Baldacci,"Kyf Brewer, Orlagh Cassidy",Will Robie,5
No Man's Land,David Baldacci,"Kyf Brewer, Orlagh Cassidy",John Puller,4
Simple Genius,David Baldacci,Scott Brick,King And Maxwell,3
Split Second,David Baldacci,Scott Brick,King And Maxwell,1
The Finisher,David Baldacci,Nicola Barber,,
The Fix,David Baldacci,"Kyf Brewer, Orlagh Cassidy",Amos Decker,3
The Forgotten,David Baldacci,"Ron McLarty, Orlagh Cassidy",John Puller,2
The Innocent,David Baldacci,"Ron McLarty, Orlagh Cassidy",Will Robie,1
The Girl in the Spider's Web,David Lagercrantz,Saul Reichlin,Millennium,4
The Girl Who Lived Twice,David Lagercrantz,Saul Reichlin,Millennium,6
The Girl Who Takes an Eye for an Eye,David Lagercrantz,Saul Reichlin,Millennium,5
Torchwood: The Conspiracy,David Llewellyn,"John Barrowman, John Sessions",,
Dishonesty Is the Second-Best Policy,David Mitchell,David Mitchell,,
Thinking About It Only Makes It Worse,David Mitchell,David Mitchell,,
David Mitchell: Back Story,David Mitchell,David Mitchell,,
Starter for Ten,David Nicholls,Dave John,,
White Trash Warlock,David R. Slayton,Michael David Axtell,Adam Binder,1
"If This Book Exists, You're in the Wrong Universe",David Wong,John Dies at the End,John Dies at the End,4
John Dies At The End,David Wong,Stephen R. Thorne,John Dies At The End,1
"This Book Is Full of Spiders (Seriously, Dude, Don't Touch It)",David Wong,Nick Podehl,John Dies At The End,2
What the Hell Did I Just Read,David Wong,Stephen R. Thorne,John Dies At The End,3
Futuristic Violence and Fancy Suits,David Wong,Christy Romano,Zoey Ashe,1
Zoey Punches the Future in the Dick,David Wong,Elizabeth Evans,Zoey Ashe,2
Lightning,Dean Koontz,Christopher Lane,,
Still Midnight,Denise Mina,Katy Anderson,Alex Morrow Novels,1
The End of the Wasp Season,Denise Mina,Sally Armstrong,Alex Morrow Novels,2
Gods and Beasts,Denise Mina,Cathleen McCarron,Alex Morrow Novels,3
The Red Road,Denise Mina,Cathleen McCarron,Alex Morrow Novels,4
The Second Murderer,Denise Mina,Scott Brick,,
All These Worlds,Dennis E. Taylor,Ray Porter,Bobiverse,3
For We Are Many,Dennis E. Taylor,Ray Porter,Bobiverse,2
Heaven's River,Dennis E. Taylor,Ray Porter,Bobiverse,4
Outland,Dennis E. Taylor,Ray Porter,,
We Are Legion (We Are Bob),Dennis E. Taylor,Ray Porter,Bobiverse,1
Skulduggery Pleasant,Derek Landy,Rupert Degas,Skulduggery Pleasant,1
Playing with Fire,Derek Landy,Rupert Degas,Skulduggery Pleasant,2
The Faceless Ones,Derek Landy,Rupert Degas,Skulduggery Pleasant,3
Dark Days,Derek Landy,Rupert Degas,Skulduggery Pleasant,4
Mortal Coil,Derek Landy,Brian Bowles,Skulduggery Pleasant,5
Apocalypse Kings,Derek Landy,Kevin Hely,Skulduggery Pleasant,5.5
Death Bringer,Derek Landy,Stephen Hogan,Skulduggery Pleasant,6
The End of the World,Derek Landy,Stephen Hogan,Skulduggery Pleasant,6.5
Kingdom of the Wicked,Derek Landy,Stephen Hogan,Skulduggery Pleasant,7
The Maleficent Seven,Derek Landy,Tamaryn Payne,Skulduggery Pleasant,7.5
Last Stand of Dead Men,Derek Landy,Stephen Hogan,Skulduggery Pleasant,8
Armageddon Outta Here,Derek Landy,"Stephen Hogan, Kevin Hely",Skulduggery Pleasant,8.5
The Dying of the Light,Derek Landy,Stephen Hogan,Skulduggery Pleasant,9
Resurrection,Derek Landy,Kevin Hely,Skulduggery Pleasant,10
Midnight,Derek Landy,Kevin Hely,Skulduggery Pleasant,11
Bedlam,Derek Landy,Kevin Hely,Skulduggery Pleasant,12
Seasons of War,Derek Landy,Kevin Hely,Skulduggery Pleasant,13
Dead or Alive,Derek Landy,Kevin Hely,Skulduggery Pleasant,14
Until the End,Derek Landy,Kevin Hely,Skulduggery Pleasant,15
Digging Up Mother,Doug Stanhope,Doug Stanhope,,
Hitchhiker's Guide to the Galaxy,Douglas Adams,Stephen Fry,Hitchhikers Guide To The Galaxy,1
"Life, the Universe, and Everything",Douglas Adams,Martin Freeman,Hitchhikers Guide To The Galaxy,3
Mostly Harmless,Douglas Adams,Martin Freeman,Hitchhikers Guide To The Galaxy,5
So Long and Thanks for All the Fish,Douglas Adams,Martin Freeman,Hitchhikers Guide To The Galaxy,4
The Long Dark Tea-Time of the Soul,Douglas Adams,Douglas Adams,Dirk Gently,2
The Restaurant at the End of the Universe,Douglas Adams,Martin Freeman,Hitchhikers Guide To The Galaxy,2
Dirk Gently's Holistic Detective Agency,Douglas Adams,Stephen Mangan,Dirk Gently,1
"The Hitchhiker's Guide to the Galaxy: The Original Albums, and more...",Douglas Adams,"Full Cast, Peter Jones, Simon Jones, Geoffrey McGivern, Mark Wing-Davey",Hitchhikers Guide To The Galaxy,0
Who Moved My Cheese?,Dr Spencer Johnson,"Tony Roberts, Karen Ziemba, Kenneth Blanchard",,
Bones of the Past,Drew Hayes,Amy Landon,Villains' Code,2
Forging Hephaestus,Drew Hayes,Amy Landon,Villains' Code,1
Super Powereds: Year 1,Drew Hayes,Alejandro Ruiz,Super Powereds,1
Super Powereds: Year 2,Drew Hayes,Alejandro Ruiz,Super Powereds,2
Bloody Acquisitions,Drew Hayes,Christopher Walker,Fred The Vampire Accountant,3
Deadly Assessments,Drew Hayes,Christopher Walker,Fred The Vampire Accountant,5
Second Hand Curses,Drew Hayes,Scott Aiello,,7
The Fangs of Freelance,Drew Hayes,Christopher Walker,Fred The Vampire Accountant,
"The Utterly Uninteresting and Unadventurous Tales of Fred, the Vampire Accountant",Drew Hayes,Christopher Walker,Fred The Vampire Accountant,4
Undeading Bells,Drew Hayes,Christopher Walker,Fred The Vampire Accountant,1
Undeath and Taxes,Drew Hayes,Christopher Walker,Fred The Vampire Accountant,6
The Case of the Damaged Detective,Drew Hayes,Scott Aiello,5-Minute Sherlock,2
The Case of the Haunted Haunted House,Drew Hayes,Scott Aiello,5-Minute Sherlock,1
Out of House and Home,Drew Hayes,Christopher Walker,Fred The Vampire Accountant,2
Posthumous Education,Drew Hayes,Christopher Walker,Fred The Vampire Accountant,8
Dylan Moran Live - What It Is [Live Standup Comedy],Dylan Moran,Dylan Moran,,
"Dylan Moran, Yeah Yeah [Live Standup Comedy]",Dylan Moran,Dylan Moran,,
Doctor Who - Phobos,Eddie Robson,"Paul McGann, Sheridan Smith",,
Torchwood: Forgotten Lives,Emma Reeves,"Eve Myles, Kai Owen",,
The Tales of Max Carrados,Ernest Bramah,Stephen Fry,,
Armada,Ernest Cline,Wil Wheaton,,
Ready Player One,Ernest Cline,Wil Wheaton,Ready Player One,1
Ready Player Two,Ernest Cline,Wil Wheaton,Ready Player One,2
The Great Gatsby,F Scott Fitzgerald,Jake Gyllenhaal,,
You're Never Weird on the Internet (Almost),Felicia Day,Felicia Day,,
Strong Female Character,Fern Brady,Fern Brady,,
Dune,Frank Herbert,Scott Brick,Dune,1
Dune Messiah,Frank Herbert,Scott Brick,Dune,2
Chapterhouse Dune,Frank Herbert,Euan Morton,Dune,6
Children of Dune,Frank Herbert,Scott Brick,Dune,3
God Emperor of Dune,Frank Herbert,Simon Vance,Dune,4
Heretics of Dune,Frank Herbert,Simon Vance,Dune,5
Frank Skinner Live - Man in a Suit [Live Standup Comedy],Frank Skinner,Frank Skinner,,
Meantime,Frankie Boyle,Chris Reilly,,
Avenger,Frederick Forsyth,Eric Conger,,
Gateway,Frederik Pohl,"Oliver Wyman, Robert J. Sawyer",The Heechee Saga,1
Warlock Holmes - A Study in Brimstone,G. S. Denning,Robert Garson,Warlock Holmes,1
Garth Marenghi’s TerrorTome,Garth Marenghi,Garth Marenghi,,
"I, Davros - 1.1 Innocence",Gary Hopkins,"Terry Molloy, Carolyn Jones, Richard Franklin","I, Davros",1
The Invisible Library,Genevieve Cogman,Kristin Atherton,The Invisible Library,1
Brain Droppings,George Carlin,George Carlin,,
Napalm and Silly Putty,George Carlin,George Carlin,,
When Will Jesus Bring the Pork Chops?,George Carlin,George Carlin,,
Class Clown [LIVE STANDUP COMEDY],George Carlin,George Carlin,,
FM & AM [LIVE STANDUP COMEDY],George Carlin,George Carlin,,
Occupation Foole [LIVE STANDUP COMEDY],George Carlin,George Carlin,,
Toledo Window Box [LIVE STANDUP COMEDY],George Carlin,George Carlin,,
An Evening with Wally Londo [LIVE STANDUP COMEDY],George Carlin,George Carlin,,
On the Road [LIVE STANDUP COMEDY],George Carlin,George Carlin,,
A Place for My Stuff! [LIVE STANDUP COMEDY],George Carlin,George Carlin,,
Carlin on Campus [LIVE STANDUP COMEDY],George Carlin,George Carlin,,
Playin' With Your Head [LIVE STANDUP COMEDY],George Carlin,George Carlin,,
What Am I Doing in New Jersey? [LIVE STANDUP COMEDY],George Carlin,George Carlin,,
Parental Advisory Explicit Lyrics [LIVE STANDUP COMEDY],George Carlin,George Carlin,,
Jammin' in New York [LIVE STANDUP COMEDY],George Carlin,George Carlin,,
Back in Town [LIVE STANDUP COMEDY],George Carlin,George Carlin,,
You Are All Diseased [LIVE STANDUP COMEDY],George Carlin,George Carlin,,
Complaints & Grievances [LIVE STANDUP COMEDY],George Carlin,George Carlin,,
Life is Worth Losing [LIVE STANDUP COMEDY],George Carlin,George Carlin,,
Last Words,George Carlin,"Tony Hendra, Patrick Carlin",,
Doctor Who: Engines of War,George Mann,Nicholas Briggs,,
1984,George Orwell,Andrew Wincott,,
Animal Farm,George Orwell,Simon Callow,,
Orwell Collection (Animal Farm & 1984),George Orwell,Stephen Fry,,
A Clash of Kings,George R. R. Martin,Roy Dotrice,A Song Of Ice And Fire,2
A Dance with Dragons,George R. R. Martin,Roy Dotrice,A Song Of Ice And Fire,5
A Feast for Crows,George R. R. Martin,Roy Dotrice,A Song Of Ice And Fire,4
A Game of Thrones,George R. R. Martin,Roy Dotrice,A Song Of Ice And Fire,1
A Storm of Swords,George R. R. Martin,Roy Dotrice,A Song Of Ice And Fire,3
Fire and Blood,George R. R. Martin,Simon Vance,A Song Of Ice And Fire,0
A Knight of the Seven Kingdoms,George R.R. Martin,Harry Lloyd,A Song Of Ice And Fire,0.1
Lincoln in the Bardo,George Saunders,Nick Offerman,,
The Elusive Elixir,Gigi Pandian,Julia Motyka,Accidental Alchemist Mysteries,3
The Lost Gargoyle of Paris,Gigi Pandian,Julia Motyka,Accidental Alchemist Mysteries,4.5
The Masquerading Magician,Gigi Pandian,Julia Motyka,Accidental Alchemist Mysteries,2
The Accidental Alchemist,Gigi Pandian,Julia Motyka,Accidental Alchemist Mysteries,1
The Alchemist's Illusion,Gigi Pandian,Julia Motyka,Accidental Alchemist Mysteries,4
Gone Girl,Gillian Flynn,"Julia Whelan, Kirby Heyborne",,
Orphan X,Gregg Hurwitz,Scott Brick,Orphan X (Evan Smoak),1
Carioca Fletch,Gregory Mcdonald,Dan John Miller,Fletch,7
"Confess, Fletch",Gregory Mcdonald,Dan John Miller,Fletch,2
Fletch,Gregory Mcdonald,Dan John Miller,Fletch,1
Fletch and the Man Who,Gregory Mcdonald,Dan John Miller,Fletch,6
Fletch and the Widow Bradley,Gregory Mcdonald,Dan John Miller,Fletch,4
Fletch Reflected,Gregory Mcdonald,Dan John Miller,Fletch,11
Fletch Won,Gregory Mcdonald,Dan John Miller,Fletch,8
"Fletch, Too",Gregory Mcdonald,Dan John Miller,Fletch,9
Fletch's Fortune,Gregory Mcdonald,Dan John Miller,Fletch,3
Fletch's Moxie,Gregory Mcdonald,Dan John Miller,Fletch,5
Son of Fletch,Gregory Mcdonald,Dan John Miller,Fletch,10
Arkham County,"Guy Adams, AK Benedict",Stanley Tucci,,
Necronomicon,H. P. Lovecraft,Bronson Pinchot,,
The Complete Fiction of H.P. Lovecraft,H.P. Lovecraft,"Andrew Leman, Sean Branney",,
Hal Cruttenden: Tough Luvvie [Live Standup Comedy],Hal Cruttenden,Hal Cruttenden,,
Tell No One,Harlan Coben,William Hope,,
Go Set a Watchman,Harper Lee,Reese Witherspoon,,
1Q84,Haruki Murakami,Allison Hiroto,,
The Tattooist of Auschwitz,Heather Morris,Richard Armitage,,
"Henning Wehn: Eins, Zwei, D.I.Y. [Live Standup Comedy]",Henning Wehn,Henning Wehn,,
H.G. Wells: The Science Fiction Collection,HG Wells,David Tennant,,
The Time Machine,HG Wells,John Banks,,
The War of the Worlds,HG Wells,Christopher Hurt,,
Bring Up the Bodies,Hilary Mantel,Ben Miles,Wolf Hall,2
The Mirror and the Light,Hilary Mantel,Ben Miles,Wolf Hall,3
Wolf Hall,Hilary Mantel,Simon Slater,Wolf Hall,1
The Iliad,Homer,Alfred Molina,Iliad and Odyssey,1
The Odyssey,Homer,Claire Danes,Iliad and Odyssey,2
Fear and Loathing in Las Vegas,Hunter S. Thompson,Ron McLarty,,
Casino Royale,Ian Fleming,Dan Stevens,James Bond,1
Live and Let Die,Ian Fleming,Rory Kinnear,James Bond,2
Goldfinger,Ian Fleming,Hugh Bonneville,James Bond,9
On Her Majesty's Secret Service,Ian Fleming,David Tennant,James Bond,11
A Heart Full of Headstones,Ian Rankin,James Macpherson,Inspector Rebus,24
A Question of Blood,Ian Rankin,James Macpherson,Inspector Rebus,14
A Song for the Dark Times,Ian Rankin,James Macpherson,Inspector Rebus,23
Black & Blue,Ian Rankin,James Macpherson,Inspector Rebus,8
Dead Souls,Ian Rankin,James Macpherson,Inspector Rebus,10
Even Dogs in the Wild,Ian Rankin,James Macpherson,Inspector Rebus,20
Exit Music,Ian Rankin,James Macpherson,Inspector Rebus,17
Fleshmarket Close,Ian Rankin,James Macpherson,Inspector Rebus,15
Hide & Seek,Ian Rankin,James Macpherson,Inspector Rebus,2
In a House of Lies,Ian Rankin,James Macpherson,Inspector Rebus,22
Knots And Crosses,Ian Rankin,James Macpherson,Inspector Rebus,1
Let It Bleed,Ian Rankin,James Macpherson,Inspector Rebus,7
Mortal Causes,Ian Rankin,James Macpherson,Inspector Rebus,6
Rather Be the Devil,Ian Rankin,James Macpherson,Inspector Rebus,21
Resurrection Men,Ian Rankin,James Macpherson,Inspector Rebus,13
Set in Darkness,Ian Rankin,James Macpherson,Inspector Rebus,19
Standing in Another Man's Grave,Ian Rankin,James Macpherson,Inspector Rebus,11
Strip Jack,Ian Rankin,James Macpherson,Inspector Rebus,18
The Black Book,Ian Rankin,James Macpherson,Inspector Rebus,4
The Falls,Ian Rankin,James Macpherson,Inspector Rebus,5
The Hanging Garden,Ian Rankin,James Macpherson,Inspector Rebus,12
The Naming of the Dead,Ian Rankin,James Macpherson,Inspector Rebus,9
Tooth & Nail,Ian Rankin,James Macpherson,Inspector Rebus,16
Saints of the Shadow Bible,Ian Rankin,James Macpherson,Inspector Rebus,3
Foundation,Isaac Asimov,William Hope,Foundation,1
"I, Robot",Isaac Asimov,William Hope,,
The Caves of Steel,Isaac Asimov,William Dufris,Robot,1
The Gods Themselves,Isaac Asimov,Scott Brick,,
The End of Eternity,Isaac Asimov,Jon Lindstrom,,
High-Rise,J. G. Ballard,Tom Hiddleston,,
The Fellowship Of The Ring,J. R. R. Tolkien,Rob Inglis,The Lord Of The Rings,1
The Hobbit,J. R. R. Tolkien,Andy Serkis,The Lord Of The Rings,0.5
The Silmarillion,J. R. R. Tolkien,Martin Shaw,The Lord Of The Rings,0
Unfinished Tales,J. R. R. Tolkien,"Timothy West, Samuel West",The Lord Of The Rings,4
The Fellowship of the Ring,J. R. R. Tolkien,Andy Serkis,The Lord Of The Rings,1
The Two Towers,J. R. R. Tolkien,Andy Serkis,The Lord Of The Rings,2
The Return of the King,J. R. R. Tolkien,Andy Serkis,The Lord Of The Rings,3
The Silmarillion,"J. R. R. Tolkien, Christopher Tolkien",Andy Serkis,The Lord Of The Rings,0
Harry Potter and the Chamber of Secrets,J.K. Rowling,Stephen Fry,Harry Potter,2
Harry Potter and the Cursed Child,J.K. Rowling,Ryan Dalusung,Harry Potter,8
Harry Potter and the Deathly Hallows,J.K. Rowling,Stephen Fry,Harry Potter,7
Harry Potter and the Goblet of Fire,J.K. Rowling,Stephen Fry,Harry Potter,4
Harry Potter and the Half-Blood Prince,J.K. Rowling,Stephen Fry,Harry Potter,6
Harry Potter and the Order of the Phoenix,J.K. Rowling,Stephen Fry,Harry Potter,5
Harry Potter and the Philosopher's Stone,J.K. Rowling,Stephen Fry,Harry Potter,1
Harry Potter and the Prisoner of Azkaban,J.K. Rowling,Stephen Fry,Harry Potter,3
The Tales of Beedle the Bard,J.K. Rowling,Warwick Davis,Harry Potter,0
Perfect Sound Whatever,James Acaster,James Acaster,,
James Acaster's Classic Scrapes,James Acaster,James Acaster,,
L.A. Confidential,James Ellroy,Jeff Harding,,
Torchwood: Fall To Earth,James Goss,Gareth David-Lloyd,,
The Survivor,James Herbert,Robert Powell,,
Sepulchre,James Herbert,Jonathan Keeble,,
Ash,James Herbert,Steven Pacey,David Ash,3
Creed,James Herbert,Damian Lynch,,
Domain,James Herbert,David Rintoul,The Rats,3
Fluke,James Herbert,Damian Lynch,,
Haunted,James Herbert,Steven Pacey,David Ash,1
Lair,James Herbert,David Rintoul,The Rats,2
Moon,James Herbert,Jonathan Keeble,,
Nobody True,James Herbert,Jonathan Keeble,,
Once,James Herbert,Damian Lynch,,
Others,James Herbert,Kris Dyer,,
Portent,James Herbert,Jonathan Keeble,,
Shrine,James Herbert,Kris Dyer,,
The Fog,James Herbert,Sean Barrett,,
The Ghosts of Sleath,James Herbert,Steven Pacey,David Ash,2
The Jonah,James Herbert,Damian Lynch,,
The Magic Cottage,James Herbert,Kris Dyer,,
The Rats,James Herbert,David Rintoul,The Rats,1
The Secret of Crickley Hall,James Herbert,David Rintoul,,
The Spear,James Herbert,Sean Barrett,,
The Dark,"James Herbert, James Herbert","Sean Barrett, Sean Barrett",,
The Cthulhu Casebooks: Sherlock Holmes and the Shadwell Shadows,James Lovegrove,Dennis Kleinman,The Cthulhu Casebooks,1
Natural Causes,James Oswald,Ian Hanmore,The Inspector McLean Series,1
All That Lives,James Oswald,Ian Hanmore,The Inspector McLean Series,12
"I, Davros - 1.2 Purity","James Parsons, Andrew Stirling-Brown","Terry Molloy, Carolyn Jones, Richard Franklin","I, Davros",2
Along Came a Spider,James Patterson,Ako Mitchell,Alex Cross,1
Kiss the Girls,James Patterson,Ako Mitchell,Alex Cross,2
Jack and Jill,James Patterson,Ako Mitchell,Alex Cross,3
Cat and Mouse,James Patterson,"Jeff Harding, Raj Ghatak",Alex Cross,4
Pop Goes the Weasel,James Patterson,Michael Kramer,Alex Cross,5
Roses Are Red,James Patterson,Paul Birchard,Alex Cross,6
Violets Are Blue,James Patterson,Paul Birchard,Alex Cross,7
Four Blind Mice,James Patterson,Garrick Hagon,Alex Cross,8
Big Bad Wolf,James Patterson,Garrick Hagon,Alex Cross,9
London Bridges,James Patterson,Garrick Hagon,Alex Cross,10
Mary Mary,James Patterson,Garrick Hagon,Alex Cross,11
Cross,James Patterson,Garrick Hagon,Alex Cross,12
Double Cross,James Patterson,"Peter Jay Fernandez, Michael Stuhlbarg",Alex Cross,13
Cross Country,James Patterson,Ako Mitchell,Alex Cross,14
Alex Cross's Trial,James Patterson,"Dylan Baker, Shawn Andrew",Alex Cross,15
"I, Alex Cross",James Patterson,"Michael Gervais, Tim Cain",Alex Cross,16
Cross Fire,James Patterson,"Andre Braugher, Jay O Sanders",Alex Cross,17
Kill Alex Cross,James Patterson,"Andre Braugher, Zach Grenier",Alex Cross,18
"Merry Christmas, Alex Cross",James Patterson,"Michael Boatman, Cristin Milioti, Stephen Kunken",Alex Cross,19
"Alex Cross, Run",James Patterson,"Michael Boatman, Steven Boyer",Alex Cross,20
Cross My Heart,James Patterson,"Michael Boatman, Tom Wopat",Alex Cross,21
Hope to Die,James Patterson,"Michael Boatman, Scott Sowers",Alex Cross,22
Cross Justice,James Patterson,"Jefferson Mays, Ruben Santiago Hudson",Alex Cross,23
Cross Kill,James Patterson,Ruben Santiago-Hudson,Alex Cross,23.5
Cross the Line,James Patterson,"Ryan Vincent Anderson, Pete Bradbury",Alex Cross,24
The People vs. Alex Cross,James Patterson,Andre Blake,Alex Cross,25
Target: Alex Cross,James Patterson,Andre Blake,Alex Cross,26
Criss Cross,James Patterson,Andre Blake,Alex Cross,27
Deadly Cross,James Patterson,Brad Sanders,Alex Cross,28
Fear No Evil,James Patterson,Cary Hite,Alex Cross,29
Triple Cross,James Patterson,"Wayne Carr, Mela Lee, Kiff VandenHeuvel, Inger Tudor",Alex Cross,30
Detective Cross,James Patterson,Ty Jones,Alex Cross,24.5
Doctor Who - Destiny of the Doctor - Night of the Whisper,James Swallow,"Nicholas Briggs, John Schwab",,
Doctor Who - Destiny of the Doctor - Shockwave,James Swallow,"Sophie Aldred, Ian Brooker",,
The Jane Austen Collection,Jane Austen,Claire Foy,,
Jason Manford - Live at the Manchester Apollo [Live Standup Comedy],Jason Manford,Jason Manford,,
Jason Manford Live Tour 2014 - First World Problems  [Live Standup Comedy],Jason Manford,Jason Manford,,
"Jason Manford, Live 2011 [Live Standup Comedy]",Jason Manford,Jason Manford,,
Lost in a Good Book,Jasper Fforde,Gabrielle Kruger,Thursday Next,2
The Eyre Affair,Jasper Fforde,Gabrielle Kruger,Thursday Next,1
The Well of Lost Plots,Jasper Fforde,Gabrielle Kruger,Thursday Next,3
Something Rotten,Jasper Fforde,Emily Gray,Thursday Next,4
First Among Sequels,Jasper Fforde,Emily Gray,Thursday Next,5
One of Our Thursdays Is Missing,Jasper Fforde,Gabrielle Kruger,Thursday Next,6
The Woman Who Died a lot,Jasper Fforde,Gabrielle Kruger,Thursday Next,7
Dearly Devoted Dexter,Jeff Lindsay,Jeff Lindsay,Dexter,2
Darkly Dreaming Dexter,Jeff Lindsay,Jeff Lindsay,Dexter,1
The Bone Collector,Jeffery Deaver,Jeffrey Harding,Lincoln Rhyme,1
Things in Jars,Jess Kidd,Jacqueline Milne,,
White Night,Jim Butcher,James Marsters,Dresden Files,17
Battle Ground,Jim Butcher,James Marsters,Dresden Files,6
Blood Rites,Jim Butcher,James Marsters,Dresden Files,15.5
Brief Cases (Short Stories),Jim Butcher,James Marsters,Dresden Files,12
Changes,Jim Butcher,James Marsters,Dresden Files,14
Cold Days,Jim Butcher,James Marsters,Dresden Files,7
Dead Beat,Jim Butcher,James Marsters,Dresden Files,5
Death Masks,Jim Butcher,James Marsters,Dresden Files,2
Fool Moon,Jim Butcher,James Marsters,Dresden Files,13
Ghost Story,Jim Butcher,James Marsters,Dresden Files,3
Grave Peril,Jim Butcher,James Marsters,Dresden Files,16
Peace Talks,Jim Butcher,James Marsters,Dresden Files,8
Proven Guilty,Jim Butcher,James Marsters,Dresden Files,12.5
Side Jobs: Stories from the Dresden Files,Jim Butcher,James Marsters,Dresden Files,15
Skin Game,Jim Butcher,James Marsters,Dresden Files,10
Small Favor,Jim Butcher,James Marsters,Dresden Files,1
Storm Front,Jim Butcher,James Marsters,Dresden Files,4
Summer Knight,Jim Butcher,James Marsters,Dresden Files,17.5
The Law,Jim Butcher,Jim Butcher,Dresden Files,11
Turn Coat,Jim Butcher,James Marsters,Dresden Files,9
Furies of Calderon,Jim Butcher,Kate Reading,Codex Alera,1
Academ's Fury,Jim Butcher,Kate Reading,Codex Alera,2
Cursor's Fury,Jim Butcher,Kate Reading,Codex Alera,3
Captain's Fury,Jim Butcher,Kate Reading,Codex Alera,4
Princeps' Fury,Jim Butcher,Kate Reading,Codex Alera,5
First Lord's Fury,Jim Butcher,Kate Reading,Codex Alera,6
Goblin Quest,Jim C. Hines,"Nanette Savard, Dylan Lynch, Terence Aselford",Goblin Trilogy,1
Before & Laughter,Jimmy Carr,Jimmy Carr,,
A Second Chance,Jodi Taylor,Zara Ramm,The Chronicles of St Mary's,3
A Symphony of Echoes,Jodi Taylor,Zara Ramm,The Chronicles of St Mary's,2
A Trail Through Time,Jodi Taylor,Zara Ramm,The Chronicles of St Mary's,4
An Argumentation of Historians,Jodi Taylor,Zara Ramm,The Chronicles of St Mary's,9
And the Rest Is History,Jodi Taylor,Zara Ramm,The Chronicles of St Mary's,8
Doing Time,Jodi Taylor,Zara Ramm,The Time Police,1
Hope for the Best,Jodi Taylor,Zara Ramm,The Chronicles of St Mary's,10
Just One Damned Thing After Another,Jodi Taylor,Zara Ramm,The Chronicles of St Mary's,1
"Lies, Damned Lies and History",Jodi Taylor,Zara Ramm,The Chronicles of St Mary's,7
No Time Like the Past,Jodi Taylor,Zara Ramm,The Chronicles of St Mary's,5
Plan for the Worst,Jodi Taylor,Zara Ramm,The Chronicles of St Mary's,11
The Long and the Short of It,Jodi Taylor,Zara Ramm,The Chronicles of St Mary's,0
What Could Possibly Go Wrong?,Jodi Taylor,Zara Ramm,The Chronicles of St Mary's,6
About Time,Jodi Taylor,Zara Ramm,The Time Police,4
Hard Time,Jodi Taylor,Zara Ramm,The Time Police,2
Saving Time,Jodi Taylor,Zara Ramm,The Time Police,3
"Another Time, Another Place",Jodi Taylor,Zara Ramm,The Chronicles of St Mary's,12
A Catalogue of Catastrophe,Jodi Taylor,Zara Ramm,The Chronicles of St Mary's,13
"The Good, the Bad and the History",Jodi Taylor,Zara Ramm,The Chronicles of St Mary's,14
The Forever War,Joe Haldeman,George Wilson,The Forever War,1
Locke & Key,"Joe Hill, Gabriel Rodriguez",Haley Joel Osment,,
"Parsnips, Buttered",Joe Lycett,Joe Lycett,,
"Joe Lycett: That's The Way, A-Ha, A-Ha, Joe Lycett  [Live Standup Comedy]",Joe Lycett,Joe Lycett,,
The Nox,"Joe White, Catriona Ward",Lashana Lynch,,
I Wanna Be Yours,John Cooper Clarke,John Cooper Clarke,,
A Delicate Truth,John le Carré,John le Carré,,
A Legacy of Spies,John le Carré,Tom Hollander,Smiley,9
Call for the Dead,John le Carré,Michael Jayston,Smiley,1
Silverview,John le Carré,Toby Jones,,
The Constant Gardener,John le Carré,Michael Jayston,,
The Night Manager,John le Carré,Michael Jayston,,
The Spy Who Came in from the Cold,John le Carré,Michael Jayston,Smiley,3
The Tailor of Panama,John le Carré,Michael Jayston,,
Tinker Tailor Soldier Spy,John le Carré,Michael Jayston,Smiley,5
QI: The Sound of General Ignorance,"John Lloyd, John Mitchinson","John Lloyd, John Mitchinson",,
The Second Book of General Ignorance,"John Lloyd, John Mitchinson",Julian Elfer,,
Agent to the Stars,John Scalzi,Wil Wheaton,,
Murder by Other Means,John Scalzi,Zachary Quinto,The Dispatcher,2
Redshirts,John Scalzi,Wil Wheaton,,
The Dispatcher,John Scalzi,Zachary Quinto,The Dispatcher,1
The Kaiju Preservation Society,John Scalzi,Wil Wheaton,,
Head On,John Scalzi,Wil Wheaton,Lock In,2
Lock In,John Scalzi,Wil Wheaton,Lock In,1
Fuzzy Nation,John Scalzi,Wil Wheaton,Fuzzy Sapiens,7
The Android's Dream,John Scalzi,Wil Wheaton,,
The God Engines,John Scalzi,Christopher Lane,,
The Sagan Diary,John Scalzi,"John Scalzi, Stephanie Wolfe",Old Man's War,4.5
John Scalzi Short Stories,John Scalzi,John Scalzi,,
The Collapsing Empire,John Scalzi,Wil Wheaton,The Interdependency,1
The Consuming Fire,John Scalzi,Wil Wheaton,The Interdependency,2
The Last Emperox,John Scalzi,Wil Wheaton,The Interdependency,3
The Day of the Triffids,John Wyndham,Samuel West,,
Becoming Johnny Vegas,Johnny Vegas,Johnny Vegas,,
"Jon Richardson, Funny Magnet  [Live Standup Comedy]",Jon Richardson,Jon Richardson,,
Jon Richardson Live - Nidiot [Live Standup Comedy],Jon Richardson,Jon Richardson,,
Lost at Sea,Jon Ronson,Jon Ronson,,
So You've Been Publicly Shamed,Jon Ronson,Jon Ronson,,
The Psychopath Test,Jon Ronson,Jon Ronson,,
The Daily Show with Jon Stewart Presents Earth (The Audiobook),Jon Stewart,"Jon Stewart, Samantha Bee, John Oliver",,
The Accidental Further Adventures of the Hundred-Year-Old Man,Jonas Jonasson,Peter Kenny,,
The Hundred-Year-Old Man Who Climbed Out of the Window and Disappeared,Jonas Jonasson,Peter Kenny,,
The Girl Who Saved the King of Sweden,Jonas Jonasson,Peter Kenny,,
Doctor Who - Immortal Beloved,Jonathan Clements,"Paul McGann, Sheridan Smith",,
Johannes Cabal and the Blustery Day,Jonathan L. Howard,Nicholas Guy Smith,Johannes Cabal,0.5
The Fear Institute,Jonathan L. Howard,Nicholas Guy Smith,Johannes Cabal,3
The Brothers Cabal,Jonathan L. Howard,Nicholas Guy Smith,Johannes Cabal,4
Johannes Cabal The Necromancer,Jonathan L. Howard,Christopher Cazenove,Johannes Cabal,1
Johannes Cabal the Detective,Jonathan L. Howard,Robin Sachs,Johannes Cabal,2
Doctor Who - Destiny of the Doctor - Babblesphere,Jonathan Morris,"Lalla Ward, Roger Parrott",,
Jonathan Pie (Off The Record),Jonathan Pie,Jonathan Pie,,
Catch 22,Joseph Heller,Trevor White,,
Watching Neighbours Twice a Day...,Josh Widdicombe,Josh Widdicombe,,
Josh Widdicombe - What Do I Do Now  [Live Standup Comedy],Josh Widdicombe,Josh Widdicombe,,
Josh Widdicombe Live - And Another Thing...  [Live Standup Comedy],Josh Widdicombe,Josh Widdicombe,,
The Lord of the Rings (Complete Trilogy),JRR Tolkien,Rob Inglis,The Lord Of The Rings,3.5
"20,000 Leagues Under the Sea",Jules Verne,David Linski,,
The Brief Wondrous Life of Oscar Wao,Junot Diaz,"Lin-Manuel Miranda, Karen Olivo",,
Labyrinth,Kate Mosse,Louise Brealey,Languedoc Trilogy,1
The Pillars of the Earth,Ken Follett,John Lee,The Kingsbridge Novels,1
Kevin Bridges - The Story So Far  [Live Standup Comedy],Kevin Bridges,Kevin Bridges,,
Kevin Bridges Live: A Whole Different Story  [Live Standup Comedy],Kevin Bridges,Kevin Bridges,,
Kevin Bridges The Story Continues  [Live Standup Comedy],Kevin Bridges,Kevin Bridges,,
China Rich Girlfriend,Kevin Kwan,Lydia Look,Crazy Rich Asians Trilogy,2
Crazy Rich Asians,Kevin Kwan,Lynn Chen,Crazy Rich Asians Trilogy,1
Rich People Problems,Kevin Kwan,Lydia Look,Crazy Rich Asians Trilogy,3
Anno Dracula,Kim Newman,William Gaminara,Anno Dracula,1
Professor Moriarty: The Hound of the D'Urbervilles,Kim Newman,Tom Hodgkins,,
The Man from the Diogenes Club,Kim Newman,William Gaminara,,
Something More than Night,Kim Newman,Tim Campbell,,
Red Mars,Kim Stanley Robinson,Richard Ferrone,,
Slaughterhouse-Five,Kurt Vonnegut,James Franco,,
Cat's Cradle,Kurt Vonnegut,Tony Roberts,,
The Wonderful Wizard of Oz,L. Frank Baum,Anne Hathaway,,
"Two Necromancers, a Bureaucrat, and an Army of Golems",L. G. Estrella,Fred Berman,Unconventional Heroes,1
"I, Davros - 1.3 Corruption",Lance Parkin,"Terry Molloy, Carolyn Jones, Richard Franklin","I, Davros",3
Ringworld,Larry Niven,Tom Parker,,
The Mote in God's Eye,"Larry Niven, Jerry Pournelle",L J Ganser,,
The Sentinel,Lee Child,Scott Brick,Jack Reacher,26
Better Off Dead,Lee Child,Jeff Harding,Jack Reacher,25
Blue Moon,Lee Child,Jeff Harding,Jack Reacher,24
Cleaning the Gold,Lee Child,Jeff Harding,Jack Reacher,23.6
Deep Down,Lee Child,Kerry Shale,Jack Reacher,16.5
High Heat,Lee Child,Kerry Shale,Jack Reacher,17.5
James Penney’s New Identity,Lee Child,Kerry Shale,Jack Reacher,12.5
Make Me,Lee Child,Jeff Harding,Jack Reacher,20
Never Go Back,Lee Child,Jeff Harding,Jack Reacher,18
Night School,Lee Child,Jeff Harding,Jack Reacher,21
No Middle Name,Lee Child,Kerry Shale,Jack Reacher,21.5
Not a Drill,Lee Child,Kerry Shale,Jack Reacher,18.5
Past Tense,Lee Child,Jeff Harding,Jack Reacher,23
Personal,Lee Child,Jeff Harding,Jack Reacher,19
Second Son,Lee Child,Kerry Shale,Jack Reacher,15.5
Small Wars,Lee Child,Kerry Shale,Jack Reacher,19.5
The Christmas Scorpion,Lee Child,Jeff Harding,Jack Reacher,22.5
The Fourth Man,Lee Child,Jeff Harding,Jack Reacher,23.5
The Midnight Line,Lee Child,Jeff Harding,Jack Reacher,22
61 Hours,Lee Child,Dick Hill,Jack Reacher,14
A Wanted Man,Lee Child,Dick Hill,Jack Reacher,17
Bad Luck and Trouble,Lee Child,Dick Hill,Jack Reacher,11
Die Trying,Lee Child,Dick Hill,Jack Reacher,2
Echo Burning,Lee Child,Dick Hill,Jack Reacher,5
Gone Tomorrow,Lee Child,Dick Hill,Jack Reacher,13
Killing Floor,Lee Child,Dick Hill,Jack Reacher,1
Nothing to Lose,Lee Child,Dick Hill,Jack Reacher,12
One Shot,Lee Child,Dick Hill,Jack Reacher,9
Persuader,Lee Child,Dick Hill,Jack Reacher,7
The Affair,Lee Child,Dick Hill,Jack Reacher,16
The Enemy,Lee Child,Dick Hill,Jack Reacher,8
The Hard Way,Lee Child,Dick Hill,Jack Reacher,10
The Visitor,Lee Child,Dick Hill,Jack Reacher,4
Tripwire,Lee Child,Dick Hill,Jack Reacher,3
Without Fail,Lee Child,Dick Hill,Jack Reacher,6
Worth Dying For,Lee Child,Dick Hill,Jack Reacher,15
Lee Evans - Big  [Live Standup Comedy],Lee Evans,Lee Evans,,
Lee Evans - Monsters  [Live Standup Comedy],Lee Evans,Lee Evans,,
"Lee Evans,  Road Runner  [Live Standup Comedy]",Lee Evans,Lee Evans,,
Alice's Adventures in Wonderland,Lewis Carroll,Scarlett Johansson,,
Apples Never Fall,"Liane Moriarty, Liane Moriarty","Caroline Lee, Caroline Lee",,
"Lilly Savage,  The Live Show  [Live Standup Comedy]",Lily Savage,Lily Savage,,
The Killing Tide,Lin Anderson,Sally Armstrong,Rhona MacLeod,16
Take Your Breath Away,Linwood Barclay,"Ako Mitchell, Julia Locascio, Laurel Lefkow",,
First They Killed My Father,Loung Ung,Tavia Gilbert,,
Dead Man in a Ditch,Luke Arnold,Luke Arnold,The Fetch Phillips Novels,2
One Foot in the Fade,Luke Arnold,Luke Arnold,The Fetch Phillips Novels,3
The Last Smile in Sunder City,Luke Arnold,Luke Arnold,The Fetch Phillips Novels,1
Death Descends on Saturn Villa,M. R. C. Kasasian,Emma Gregory,The Gower Street Detectives,3
The Curse of the House of Foskett,M. R. C. Kasasian,Emma Gregory,The Gower Street Detectives,2
The Mangle Street Murders,M. R. C. Kasasian,Emma Gregory,The Gower Street Detectives,1
The Secrets Of Gaslight Lane,M. R. C. Kasasian,Emma Gregory,The Gower Street Detectives,4
A Wrinkle in Time,Madeleine L'Engle,Madeleine L'Engle,Time Quintet,1
Last Chance to See: The original BBC Radio series,"Mark Cawardine, Douglas Adams","Douglas Adams, Mark Carwardine, Peter Jones",,
The Cleaner,Mark Dawson,David Thorpe,John Milton,1
The Society of Blood,Mark Morris,Ben Onwukwe,Obsidian Heart,2
The Wolves of London,Mark Morris,Ben Onwukwe,Obsidian Heart,1
Who Do I Think I Am?,Mark Steel,Mark Steel,,
8 Deaths (And Life After Them),Mark Watson,Mark Watson,,
A Brief History of Seven Killings,Marlon James,"Robertson Dean, Cherise Boothe",,
The Monster Collection,"Mary Shelley, Bram Stoker",Richard Armitage,,
Almost Infamous,Matt Carter,Nicholas Techosky,,
Dungeon Crawler Carl,Matt Dinniman,Jeff Hays,Dungeon Crawler Carl,1
Carl's Doomsday Scenario,Matt Dinniman,Jeff Hays,Dungeon Crawler Carl,2
The Dungeon Anarchist's Cookbook,Matt Dinniman,Jeff Hays,Dungeon Crawler Carl,3
The Gate of the Feral Gods,Matt Dinniman,Jeff Hays,Dungeon Crawler Carl,4
The Butcher's Masquerade,Matt Dinniman,Jeff Hays,Dungeon Crawler Carl,5
The Eye of the Bedlam Bride,Matt Dinniman,Jeff Hays,Dungeon Crawler Carl,6
Doctor Who - Destiny of the Doctor - The Time Machine,Matt Fitton,"Jenna Coleman, Michael Cochrane",,
The Midnight Library,Matt Haig,Carey Mulligan,,
Little Me,Matt Lucas,Matt Lucas,,
Polar Vortex,Matthew Mather,Tom Taylorson,,
"Friends, Lovers and the Big Terrible Thing",Matthew Perry,Matthew Perry,,
Discordia,Max Barry,Andrew Call,,
World War Z,Max Brooks,Christopher Ragland,,
Gormenghast,Mervyn Peake,Saul Reichlin,Gormenghast,2
Titus Alone,Mervyn Peake,Saul Reichlin,Gormenghast,3
Titus Groan,Mervyn Peake,Saul Reichlin,Gormenghast,1
A Darkness More Than Night,Michael Connelly,Richard M Davidson,Harry Bosch,7
Angels Flight,Michael Connelly,Peter Giles,Harry Bosch,6
Angle of Investigation,Michael Connelly,Len Cariou,Harry Bosch,15.5
Blue on Black,Michael Connelly,Titus Welliver,Harry Bosch,19.5
City of Bones,Michael Connelly,Peter Jay Fernandez,Harry Bosch,8
Dark Sacred Night,Michael Connelly,Titus Welliver,Harry Bosch,21
Echo Park,Michael Connelly,Len Cariou,Harry Bosch,12
Lost Light,Michael Connelly,Len Cariou,Harry Bosch,9
Nine Dragons,Michael Connelly,Len Cariou,Harry Bosch,14
Switchblade,Michael Connelly,Len Cariou,Harry Bosch,16.5
The Black Box,Michael Connelly,Michael McConnohie,Harry Bosch,16
The Black Echo,Michael Connelly,Dick Hill,Harry Bosch,1
The Black Ice,Michael Connelly,Dick Hill,Harry Bosch,2
The Burning Room,Michael Connelly,Titus Welliver,Harry Bosch,17
The Closers,Michael Connelly,Len Cariou,Harry Bosch,11
The Concrete Blonde,Michael Connelly,Dick Hill,Harry Bosch,3
The Crossing,Michael Connelly,Titus Welliver,Harry Bosch,18
The Dark Hours,Michael Connelly,Titus Welliver,Harry Bosch,23
The Drop,Michael Connelly,Len Cariou,Harry Bosch,15
The Last Coyote,Michael Connelly,Dick Hill,Harry Bosch,4
The Narrows,Michael Connelly,Len Cariou,Harry Bosch,10
The Night Fire,Michael Connelly,Titus Welliver,Harry Bosch,22
The Overlook,Michael Connelly,Len Cariou,Harry Bosch,13
The Suicide Run,Michael Connelly,Len Cariou,Harry Bosch,14.5
The Wrong Side of Goodbye,Michael Connelly,Titus Welliver,Harry Bosch,19
Trunk Music,Michael Connelly,Dick Hill,Harry Bosch,5
Two Kinds of Truth,Michael Connelly,Titus Welliver,Harry Bosch,20
The Dark Hours,Michael Connelly,"Titus Welliver, Christine Lakin",Harry Bosch,23
Desert Star,Michael Connelly,"Titus Welliver, Christine Lakin",Harry Bosch,24
Jurassic Park,Michael Crichton,Scott Brick,,
The Andromeda Strain,Michael Crichton,David Morse,The Andromeda Strain,1
Beastie Boys Book,"Michael Diamond, Adam Horovitz",Adam Horovitz,,
Don Quixote,Miguel de Cervantes,Roy McMillan,,
Dead Men's Boots,Mike Carey,Michael Kramer,Felix Castor,3
The Devil You Know,Mike Carey,Michael Kramer,Felix Castor,1
The Naming of the Beasts,Mike Carey,Michael Kramer,Felix Castor,5
Thicker than Water,Mike Carey,Michael Kramer,Felix Castor,4
Vicious Circle,Mike Carey,Michael Kramer,Felix Castor,2
This Much Is True,Miriam Margolyes,Miriam Margolyes,,
The Watchmaker of Filigree Street,Natasha Pulley,Thomas Judd,The Watchmaker of Filigree Street,1
Snow Crash,Neal Stephenson,Jonathan Davis,,
Cryptonomicon,Neal Stephenson,William Dufris,,
Neil Delamere: The Fresh Prince of Delamere  [Live Standup Comedy],Neil Delamere,Neil Delamere,,
American Gods,Neil Gaiman,Neil Gaiman,American Gods,1
Anansi Boys,Neil Gaiman,Lenny Henry,American Gods,2
Black Dog,Neil Gaiman,Neil Gaiman,American Gods,2.2
How the Marquis Got His Coat Back,Neil Gaiman,Paterson Joseph,Neverwhere,2
Neverwhere,Neil Gaiman,Neil Gaiman,Neverwhere,1
Neverwhere (A BBC Radio Full-Cast Dramatisation),Neil Gaiman,"Christopher Lee, James McAvoy, Natalie Dormer",Neverwhere,1.1
Norse Mythology,Neil Gaiman,Neil Gaiman,,
The Graveyard Book,Neil Gaiman,Neil Gaiman,,
The Monarch of the Glen,Neil Gaiman,Neil Gaiman,American Gods,2.1
The Ocean at the End of the Lane,Neil Gaiman,Neil Gaiman,,
The Sandman Act I,Neil Gaiman,James McAvoy,The Sandman,1
The Sandman: Act II,Neil Gaiman,James McAvoy,The Sandman,2
The Sandman: Act III,Neil Gaiman,James McAvoy,The Sandman,3
Trigger Warning: Short Fictions and Disturbances,Neil Gaiman,Neil Gaiman,,
Smoke and Mirrors,Neil Gaiman,Neil Gaiman,,
Stardust [BBC Radia Dramatisation],Neil Gaiman,"Aisling Loftus, Alex Macqueen, Blake Ritson",,
Stardust,Neil Gaiman,Neil Gaiman,,
Coraline,Neil Gaiman,Dawn French,,
The View from the Cheap Seats,Neil Gaiman,Neil Gaiman,,
Fragile Things,Neil Gaiman,Neil Gaiman,,
Don't Panic - Douglas Adams and the Hitchhiker's Guide to the Galaxy,Neil Gaiman,"Simon Jones, Neil Gaiman",,
Lovecraft's Monsters,"Neil Gaiman, Joe R. Lansdale, Caitlin R. Kiernan",Bernard Clark,,
Interworld,"Neil Gaiman, Michael Reaves",Christopher Evan Welch,InterWorld,1
The Silver Dream,"Neil Gaiman, Michael Reaves",Alexander Cendese,InterWorld,2
Eternity's Wheel,"Neil Gaiman, Michael Reaves, Mallory Reaves",Alexander Cendese,InterWorld,3
Good Omens,"Neil Gaiman, Terry Pratchett",Martin Jarvis,,
Good Omens (BBC Radio 4 dramatisation),"Neil Gaiman, Terry Pratchett","Mark Heap, Peter Serafinowicz",,
Doctor Who - Destiny of the Doctor - Trouble in Paradise,Nev Fountain,"Nicola Bryant, Cameron Stewart",,
Paddle Your Own Canoe,Nick Offerman,Nick Offerman,,
Doctor Who - Destiny of the Doctor - Hunters of Earth,Nigel Robinson,"Carole Ann Ford, Tam Williams",,
An Evening with Noel Fielding [Live Standup Comedy],Noel Fielding,Noel Fielding,,
Ender's Game,Orson Scott Card,"Stefan Rudnicki, Harlan Ellison, Gabrielle de Cuir",The Ender Saga,1
Speaker for the Dead,Orson Scott Card,"David Birney, Stefan Rudnicki",The Ender Saga,2
The Strings of Murder,Oscar de Muriel,Andy Secombe,Frey & McGray,1
The Children of Men,P. D. James,Daniel Weyman,,
P.G. Wodehouse Volume 1 - The Jeeves Collection,P.G. Wodehouse,Stephen Fry,,
Paul Chowdhry: PC's World [Live Standup Comedy],Paul Chowdhry,Paul Chowdhry,,
"Paul Chowdhry, What's Happening White People!  [Live Standup Comedy]",Paul Chowdhry,Paul Chowdhry,,
London Falling,Paul Cornell,Damian Lynch,The Shadow Police,1
The Severed Streets,Paul Cornell,Damian Lynch,The Shadow Police,2
Who Killed Sherlock Holmes?,Paul Cornell,Damian Lynch,The Shadow Police,3
Doctor Who - Horror of Glam Rock,Paul Magrs,"Paul McGann, Sheridan Smith",,
Doctor Who - No More Lies,Paul Sutton,"Paul McGann, Sheridan Smith",,
A Slow Fire Burning,Paula Hawkins,Rosamund Pike,,
The Girl on the Train,Paula Hawkins,Louise Brealey,,
The Alchemist,Paulo Coelho,Jeremy Irons,,
Baker Street Four,Penny Chrimes,"Bill Nighy, Charlie Brand, Kiki May, Nathan Moses, Celia Imrie, Paterson Joseph",,
Ex-Communication,Peter Clines,"Jay Snyder, Khristine Hvam",Ex-Heroes,3
Ex-Heroes,Peter Clines,"Jay Snyder, Khristine Hvam",Ex-Heroes,1
Ex-Isle,Peter Clines,"Jay Snyder, Mark Boyett",Ex-Heroes,5
Ex-Patriots,Peter Clines,"Jay Snyder, Khristine Hvam",Ex-Heroes,2
Ex-Purgatory,Peter Clines,Jay Snyder,Ex-Heroes,4
The Junkie Quatrain,Peter Clines,"Christian Rummel, Therese Plummer",,
14,Peter Clines,Ray Porter,Threshold Universe,1
Terminus,Peter Clines,Ray Porter,Threshold Universe,4
Paradox Bound,Peter Clines,Ray Porter,,
The Fold,Peter Clines,Ray Porter,Threshold Universe,2
The Broken Room,Peter Clines,Timothy Andrés Pabon,,
The Noble Path,Peter May,Peter Forbes,,
Rules for Perfect Murders,Peter Swanson,Graham Halstead,Malcolm Kershaw,1
The Man in the High Castle,Philip K. Dick,Jeff Cummings,,
Do Androids Dream of Electric Sheep?,Philip K. Dick,Scott Brick,,
Ubik,Philip K. Dick,Luke Daniels,,
La Belle Sauvage,Philip Pullman,Michael Sheen,The Book Of Dust,1
Northern Lights,Philip Pullman,Philip Pullman,His Dark Materials,1
The Amber Spyglass,Philip Pullman,Philip Pullman,His Dark Materials,3
The Secret Commonwealth,Philip Pullman,Michael Sheen,The Book Of Dust,2
The Subtle Knife,Philip Pullman,Philip Pullman,His Dark Materials,2
The Ruby in the Smoke,Philip Pullman,Anton Lesser,Sally Lockhart Mysteries,1
The Shadow in the North,Philip Pullman,Anton Lesser,Sally Lockhart Mysteries,2
The Tiger in the Well,Philip Pullman,Anton Lesser,Sally Lockhart Mysteries,3
The Tin Princess,Philip Pullman,Nigel Anthony,Sally Lockhart Mysteries,4
Red Rising,Pierce Brown,Tim Gerard Reynolds,Red Rising,1
Spare,Prince Harry The Duke of Sussex,Prince Harry The Duke of Sussex,,
Extracted,R. R. Haywood,Carl Prekopp,Extracted,1
A Town Called Discovery,R. R. Haywood,Carl Prekopp,,
Executed,R. R. Haywood,Carl Prekopp,Extracted,2
The Elfor Drop,R. R. Haywood,Colin Morgan,The Code Series,2
The Worldship Humility,R. R. Haywood,Colin Morgan,The Code Series,1
Fahrenheit 451,Ray Bradbury,Tim Robbins,,
The Martian Chronicles,Ray Bradbury,Mark Boyett,,
The Big Sleep,Raymond Chandler,Ray Porter,Philip Marlowe,1
Reginald D Hunter Live - In The Midst of Crackers [Live Standup Comedy],Reginald D. Hunter,Reginald D. Hunter,,
Reginald Hunter Live  [Live Standup Comedy],Reginald D. Hunter,Reginald D. Hunter,,
Rich Hall - 3:10 to Humour  [Live Standup Comedy],Rich Hall,Rich Hall,,
Ayoade on Top,Richard Ayoade,Richard Ayoade,,
Gwendy's Magic Feather,Richard Chizmar,Maggie Siff,The Button Box Series,2
The Bullet That Missed,Richard Osman,Fiona Shaw,The Thursday Murder Club,3
The Man Who Died Twice,Richard Osman,Lesley Manville,The Thursday Murder Club,2
The Thursday Murder Club,Richard Osman,Lesley Manville,The Thursday Murder Club,1
"Surely You're Joking, Mr. Feynman!",Richard P. Feynman,Raymond Todd,,
A Class Act,Rob Beckett,Rob Beckett,,
A Heart That Works,Rob Delaney,Rob Delaney,,
Red Dwarf,"Rob Grant, Doug Naylor",Chris Barrie,Red Dwarf,1
Red Dwarf: Better Than Life,"Rob Grant, Doug Naylor",Chris Barrie,Red Dwarf,2
Terry Pratchett: A Life with Footnotes,Rob Wilkins,Rob Wilkins,,
Stranger in a Strange Land,Robert A. Heinlein,Martin McDougall,,
Starship Troopers,Robert A. Heinlein,Lloyd James,,
The Moon Is a Harsh Mistress,Robert A. Heinlein,Lloyd James,,
Time Enough for Love,Robert A. Heinlein,Tom Weiner,,
Career of Evil,Robert Galbraith,Robert Glenister,Cormoran Strike,3
Lethal White,Robert Galbraith,Robert Glenister,Cormoran Strike,4
The Cuckoo's Calling,Robert Galbraith,Robert Glenister,Cormoran Strike,1
The Silkworm,Robert Galbraith,Robert Glenister,Cormoran Strike,2
Troubled Blood,Robert Galbraith,Robert Glenister,Cormoran Strike,5
The Ink Black Heart,Robert Galbraith,Robert Glenister,Cormoran Strike,6
The Bourne Identity,Robert Ludlum,Scott Brick,Jason Bourne,1
A Dog Called Demolition,Robert Rankin,Robert Rankin,,
Apocalypso,Robert Rankin,Robert Rankin,,
Nostradamus Ate My Hamster,Robert Rankin,Robert Rankin,,
The Antipope,Robert Rankin,Andy Greenhalgh,Brentford Trilogy,1
The Book of Ultimate Truths,Robert Rankin,Robert Rankin,Cornelius Trilogy,1
The Garden of Unearthly Delights,Robert Rankin,Robert Rankin,,
The Greatest Show off Earth,Robert Rankin,Robert Rankin,,
Raiders of the Lost Car Park,Robert Rankin,Robert Rankin,Cornelius Trilogy,2
The Most Amazing Man Who Ever Lived,Robert Rankin,Robert Rankin,Cornelius Trilogy,3
Mitchell & Webb Live,"Robert Webb, David Mitchell","Robert Webb, David Mitchell",,
Lord of Light,Roger Zelazny,Matt Godfrey,,
Romesh Ranganathan: Irrational  [Live Standup Comedy],Romesh Ranaganathan,Romesh Ranaganathan,,
Not Just A Pretty Face [LIVE STANDUP COMEDY],Rowan Atkinson,Rowan Atkinson,,
Russell Kane Live  [Live Standup Comedy],Russell Kane,Russell Kane,,
Deadly Games,Sally Rigby,Clare Corbett,Cavendish & Walker,1
Midnight's Children,Salman Rushdie,Homer Todiwala,,
The Satanic Verses,Salman Rushdie,Sagar Arya,,
Peas and Queues,Sandi Toksvig,Sandi Toksvig,,
Animal,Sara Pascoe,Sara Pascoe,,
Sex Power Money,Sara Pascoe,Sara Pascoe,,
Sarah Millican: Outsider  [Live Standup Comedy],Sarah Millican,Sarah Millican,,
The Night Raven,Sarah Painter,Kate Rawson,Crow Investigations,1
"I, Davros - 1.4 Guilt",Scott Alan Woodard,"Terry Molloy, Carolyn Jones, Richard Franklin","I, Davros",4
Red Seas Under Red Skies,Scott Lynch,Michael Page,Gentleman Bastard Sequence,2
The Lies of Locke Lamora,Scott Lynch,Michael Page,Gentleman Bastard Sequence,1
The Republic of Thieves,Scott Lynch,Michael Page,Gentleman Bastard Sequence,3
Grand Theft Astro,Scott Meyer,Elizabeth Evans,,
Sean Lock - Purple Van Man  [Live Standup Comedy],Sean Lock,Sean Lock,,
"Sean Lock, Live  [Live Standup Comedy]",Sean Lock,Sean Lock,,
Sean Lock: Keep It Light  [Live Standup Comedy],Sean Lock,Sean Lock,,
Sean Lock Live  [Live Standup Comedy],Sean Lock,Sean Lock,,
Sean Lock Live Lockipedia  [Live Standup Comedy],Sean Lock,Sean Lock,,
Amok,Sebastian Fitzek,Natascha McElhone,,
Doctor Who - Destiny of the Doctor - Shadow of Death,Simon Guerrier,"Frazer Hines, Evie Dawnay",,
Solaris,Stanislaw Lem,Alessandro Juliani,,
Dead Things,Stephen Blackmoore,"Michael John Casey, Eva Wilhelm, Jacob Yeh",Eric Carter,1
More Fool Me,Stephen Fry,Stephen Fry,,
The Fry Chronicles,Stephen Fry,Stephen Fry,,
The Hippopotamus,Stephen Fry,Stephen Fry,,
The Liar,Stephen Fry,Stephen Fry,,
Heroes,Stephen Fry,Stephen Fry,The Mythos Volumes,2
Mythos,Stephen Fry,Stephen Fry,The Mythos Volumes,1
Troy,Stephen Fry,Stephen Fry,The Mythos Volumes,3
Making History,Stephen Fry,Stephen Fry,,
Bag of Bones,Stephen King,Stephen King,,
Cell,Stephen King,Campbell Scott,,2
Desperation,Stephen King,Stephen King,,
Dolores Claiborne,Stephen King,Frances Sternhagen,,
Dreamcatcher,Stephen King,Jeffrey DeMunn,,
Everything's Eventual,Stephen King,Arliss Howard,,
From a Buick 8,Stephen King,James Rebhorn,,
Gerald's Game,Stephen King,Lindsay Crouse,,
Hearts in Atlantis,Stephen King,William Hurt,,
Needful Things,Stephen King,Stephen King,,
Nightmares and Dreamscapes,Stephen King,Matthew Broderick,,
Rose Madder,Stephen King,Blair Brown,,
Song of Susannah,Stephen King,George Guidall,The Dark Tower,
Storm Of The Century,Stephen King,Stephen King,,
The Colorado Kid,Stephen King,Jeffrey DeMunn,,
The Dark Tower,Stephen King,George Guidall,The Dark Tower,
The Girl Who Loved Tom Gordon,Stephen King,Anne Heche,,
The Regulators,Stephen King,Frank Muller,,
The Waste Lands,Stephen King,Frank Muller,The Dark Tower,
The Wind Through the Keyhole,Stephen King,Stephen King,The Dark Tower,
Wolves of the Calla,Stephen King,George Guidall,The Dark Tower,
Black House,Stephen King,Frank Muller,Jack Sawyer,
Blaze,Stephen King,Ron McLarty,,
Blockade Billy,Stephen King,Mare Winningham,,
Carrie,Stephen King,Sissy Spacek,,
Christine,Stephen King,Holter Graham,,
Cujo,Stephen King,Lorna Raver,,
Cycle of the Werewolf,Stephen King,Unknown,,
Danse Macabre,Stephen King,William Dufris,,
Different Seasons,Stephen King,Frank Muller,,
Duma Key,Stephen King,John Slattery,,
Firestarter,Stephen King,Dennis Boutsikaris,,
Four Past Midnight,Stephen King,Willem Dafoe,,
Insomnia,Stephen King,Eli Wallach,,
It,Stephen King,Steven Weber,,6
Just After Sunset,Stephen King,Holter Graham,,
Lisey's Story,Stephen King,Mare Winningham,,
Misery,Stephen King,Lindsay Crouse,,
Night Shift: Selections,Stephen King,John Glover,,7
Pet Sematary,Stephen King,Michael C. Hall,,
Rage,Stephen King,Unknown,,2
Salem's Lot,Stephen King,Ron McLarty,,
Skeleton Crew,Stephen King,Dana Ivey,,
The Dark Half,Stephen King,Grover Gardner,,
The Dead Zone,Stephen King,James Franco,,1
The Drawing of the Three,Stephen King,Frank Muller,The Dark Tower,
The Eyes of the Dragon,Stephen King,Bronson Pinchot,,
The Green Mile,Stephen King,Frank Muller,,
The Gunslinger,Stephen King,George Guidall,The Dark Tower,
The Institute,Stephen King,Santino Fontana,,1
The Long Walk,Stephen King,Kirby Heyborne,,
The Running Man,Stephen King,Kevin Kenerly,,1
The Shining,Stephen King,Campbell Scott,The Shining,
The Stand,Stephen King,Grover Gardner,,3
The Talisman,Stephen King,Frank Muller,Jack Sawyer,4.5
The Tommyknockers,Stephen King,Edward Herrmann,,
Thinner,Stephen King,Joe Mantegna,,
Under the Dome,Stephen King,Raul Esparza,,
UR,Stephen King,Holter Graham,,4
Wizard and Glass,Stephen King,Frank Muller,The Dark Tower,5
11/22/1963,Stephen King,Craig Wasson,,
Finders Keepers,Stephen King,Will Patton,Bill Hodges Trilogy,2
Mr Mercedes,Stephen King,Will Patton,Bill Hodges Trilogy,1
Doctor Sleep,Stephen King,Will Patton,The Shining,2
Elevation,Stephen King,Stephen King,,
Joyland,Stephen King,Michael Kelly,,
Revival,Stephen King,David Morse,,
The Outsider,Stephen King,Will Patton,,
If It Bleeds,Stephen King,"Will Patton, Danny Burstein, Steven Weber",,
Sleeping Beauties,"Stephen King, Owen King",Marin Ireland,,
Gwendy's Button Box,"Stephen King, Richard Chizmar",Maggie Siff,The Button Box Series,1
"Stephen Merchant, Hello Ladies [Live Standup Comedy]",Stephen Merchant,Stephen Merchant,,
Doctor Who - Blood of the Daleks Pt 1,Steve Lyons,"Paul McGann, Sheridan Smith",Blood of the Daleks,1
Doctor Who - Blood of the Daleks Pt 2,Steve Lyons,"Paul McGann, Sheridan Smith",Blood of the Daleks,2
Doctor Who - Destiny of the Doctor - Smoke and Mirrors,Steve Lyons,"Janet Fielding, Tim Beckman",,
Toast on Toast,Steven Toast,Steven Toast,,
The Girl Who Kicked the Hornets' Nest,Stieg Larsson,Saul Reichlin,Millennium,3
The Girl Who Played With Fire,Stieg Larsson,Saul Reichlin,Millennium,2
The Girl With the Dragon Tattoo,Stieg Larsson,Saul Reichlin,Millennium,1
The Devil and the Dark Water,Stuart Turton,Julian Rhind-Tutt,,
The Seven Deaths of Evelyn Hardcastle,Stuart Turton,Jot Davies,,
Adrian Mole: The Wilderness Years,Sue Townsend,Nicholas Barnes,Adrian Mole,4
The Growing Pains of Adrian Mole,Sue Townsend,Nicholas Barnes,Adrian Mole,2
"The Secret Diary of Adrian Mole, Aged 13 3/4",Sue Townsend,Nicholas Barnes,Adrian Mole,1
Jonathan Strange & Mr. Norrell,Susanna Clarke,Simon Prebble,,
Piranesi,Susanna Clarke,Chiwetel Ejiofor,,
Catching Fire,Suzanne Collins,Carolyn McCormick,Hunger Games,2
Mockingjay,Suzanne Collins,Carolyn McCormick,Hunger Games,3
The Ballad of Songbirds and Snakes,Suzanne Collins,Santino Fontana,Hunger Games,0
The Hunger Games,Suzanne Collins,Carolyn McCormick,Hunger Games,1
Douglas Adams's Starship Titanic,"Terry Jones, Douglas Adams",Bill Nighy,,
A Hat Full of Sky,Terry Pratchett,Stephen Briggs,Discworld,32
Carpe Jugulum,Terry Pratchett,Nigel Planer,Discworld,23
Carpe Jugulum (New Recording),Terry Pratchett,Indira Varma,Discworld,23
Equal Rites,Terry Pratchett,Celia Imrie,Discworld,3
Equal Rites (New Recording),Terry Pratchett,Indira Varma,Discworld,3
Eric,Terry Pratchett,Stephen Briggs,Discworld,9
Eric (New Recording),Terry Pratchett,Colin Morgan,Discworld,9
Feet of Clay,Terry Pratchett,Nigel Planer,Discworld,19
Going Postal,Terry Pratchett,Stephen Briggs,Discworld,33
Guards! Guards!,Terry Pratchett,Nigel Planer,Discworld,8
Hogfather,Terry Pratchett,Nigel Planer,Discworld,20
Hogfather (NEW RECORDING),Terry Pratchett,"Bill Nighy, Peter Serafinowicz, Sian Clifford",Discworld,20
I Shall Wear Midnight,Terry Pratchett,Stephen Briggs,Discworld,38
Interesting Times,Terry Pratchett,Nigel Planer,Discworld,17
Interesting Times (New Recording),Terry Pratchett,Colin Morgan,Discworld,17
Jingo,Terry Pratchett,Nigel Planer,Discworld,21
Lords and Ladies,Terry Pratchett,Nigel Planer,Discworld,14
Lords and Ladies (New Recording),Terry Pratchett,Indira Varma,Discworld,14
Making Money,Terry Pratchett,Stephen Briggs,Discworld,36
Maskerade,Terry Pratchett,Nigel Planer,Discworld,18
Maskerade (New Recording),Terry Pratchett,Indira Varma,Discworld,18
Men at Arms,Terry Pratchett,Nigel Planer,Discworld,15
Monstrous Regiment,Terry Pratchett,Stephen Briggs,Discworld,31
Mort,Terry Pratchett,Nigel Planer,Discworld,4
Mort (New Recording),Terry Pratchett,Sian Clifford,Discworld,4
Moving Pictures,Terry Pratchett,Nigel Planer,Discworld,10
Night Watch,Terry Pratchett,Stephen Briggs,Discworld,29
Pyramids,Terry Pratchett,Nigel Planer,Discworld,7
Raising Steam,Terry Pratchett,Stephen Briggs,Discworld,40
Reaper Man,Terry Pratchett,Nigel Planer,Discworld,11
Reaper Man (New Recording),Terry Pratchett,Sian Clifford,Discworld,11
Small Gods,Terry Pratchett,Nigel Planer,Discworld,13
Small Gods (New Recording),Terry Pratchett,Andy Serkis,Discworld,13
Snuff,Terry Pratchett,Stephen Briggs,Discworld,39
Soul Music,Terry Pratchett,Nigel Planer,Discworld,16
Soul Music (New Recording),Terry Pratchett,Sian Clifford,Discworld,16
Sourcery,Terry Pratchett,Nigel Planer,Discworld,5
Sourcery (New Recording),Terry Pratchett,Colin Morgan,Discworld,5
The Amazing Maurice and His Educated Rodents,Terry Pratchett,Stephen Briggs,Discworld,28
The Amazing Maurice and His Educated Rodents (New Recording),Terry Pratchett,Ariyon Bakare,Discworld,28
The Colour of Magic,Terry Pratchett,Nigel Planer,Discworld,1
The Colour of Magic (New Recording),Terry Pratchett,Colin Morgan,Discworld,1
The Fifth Elephant,Terry Pratchett,Stephen Briggs,Discworld,24
The Last Continent,Terry Pratchett,Nigel Planer,Discworld,22
The Last Continent (New Recording),Terry Pratchett,Colin Morgan,Discworld,22
The Last Hero,Terry Pratchett,Stephen Briggs,Discworld,27
The Light Fantastic,Terry Pratchett,Nigel Planer,Discworld,2
The Light Fantastic (New Recording),Terry Pratchett,Colin Morgan,Discworld,2
The Shepherd's Crown,Terry Pratchett,Stephen Briggs,Discworld,41
The Truth,Terry Pratchett,Stephen Briggs,Discworld,25
The Wee Free Men,Terry Pratchett,Stephen Briggs,Discworld,30
The World of Poo,Terry Pratchett,Helen Atkinson-Wood,Discworld,39.5
Thief of Time,Terry Pratchett,Stephen Briggs,Discworld,26
Thief of Time (New Recording),Terry Pratchett,Sian Clifford,Discworld,26
Thud!,Terry Pratchett,Stephen Briggs,Discworld,34
Unseen Academicals,Terry Pratchett,David Jason,Discworld,37
Unseen Academicals (Full Version),Terry Pratchett,Stephen Briggs,Discworld,37
Unseen Academicals (New Recording),Terry Pratchett,Colin Morgan,Discworld,37
Wintersmith,Terry Pratchett,Stephen Briggs,Discworld,35
Witches Abroad,Terry Pratchett,Nigel Planer,Discworld,12
Witches Abroad (New Recording),Terry Pratchett,Indira Varma,Discworld,12
Wyrd Sisters,Terry Pratchett,Celia Imrie,Discworld,6
Wyrd Sisters (New Recording),Terry Pratchett,Indira Varma,Discworld,6
Terry Pratchett: BBC Radio Drama Collection,Terry Pratchett,Martin Jarvis,Discworld,0
The Long Cosmos,Terry Pratchett,Michael Fenton Stevens,The Long Earth,5
The Long Earth,Terry Pratchett,Michael Fenton Stevens,The Long Earth,1
The Long Mars,Terry Pratchett,Michael Fenton Stevens,The Long Earth,3
The Long Utopia,Terry Pratchett,Michael Fenton Stevens,The Long Earth,4
The Long War,Terry Pratchett,Michael Fenton Stevens,The Long Earth,2
Going Postal (New Recording),Terry Pratchett,"Richard Coyle, Bill Nighy, Peter Serafinowicz",Discworld,33
Making Money (New Recording),Terry Pratchett,"Richard Coyle, Bill Nighy, Peter Serafinowicz",Discworld,36
Monstrous Regiment (NEW RECORDING),Terry Pratchett,"Katherine Parkinson, Bill Nighy, Peter Serafinowicz",Discworld,31
Raising Steam (NEW RECORDING),Terry Pratchett,"Richard Coyle, Bill Nighy, Peter Serafinowicz",Discworld,40
The Truth (NEW RECORDING),Terry Pratchett,"Mathew Baynton, Bill Nighy, Peter Serafinowicz",Discworld,25
Pyramids (NEW RECORDING),Terry Pratchett,"Alfred Enoch, Bill Nighy, Peter Serafinowicz",Discworld,7
Feet of Clay (NEW RECORDING),Terry Pratchett,"Jon Culshaw, Peter Serafinowicz, Bill Nighy",Discworld,19
Guards! Guards! (NEW RECORDING),Terry Pratchett,"Jon Culshaw, Peter Serafinowicz, Bill Nighy, Ben Aaronovitch",Discworld,8
Jingo (NEW RECORDING),Terry Pratchett,"Jon Culshaw, Peter Serafinowicz, Bill Nighy",Discworld,21
Men at Arms (NEW RECORDING),Terry Pratchett,"Jon Culshaw, Peter Serafinowicz, Bill Nighy",Discworld,15
The Fifth Elephant (NEW RECORDING),Terry Pratchett,"Jon Culshaw, Peter Serafinowicz, Bill Nighy",Discworld,24
Only You Can Save Mankind,Terry Pratchett,Richard Mitchley,Johnny Maxwell,1
Johnny and the Dead,Terry Pratchett,Richard Mitchley,Johnny Maxwell,2
Johnny and the Bomb,Terry Pratchett,Richard Mitchley,Johnny Maxwell,3
Moving Pictures (NEW RECORDING),Terry Pratchett,"Jason Isaacs, Peter Serafinowicz, Bill Nighy",Discworld,10
Snuff (NEW RECORDING),Terry Pratchett,"Jon Culshaw, Bill Nighy",Discworld,39
Thud! (NEW RECORDING),Terry Pratchett,"Jon Culshaw, Peter Serafinowicz, Bill Nighy",Discworld,34
I Shall Wear Midnight (NEW RECORDING),Terry Pratchett,"Indira Varma, Peter Serafinowicz, Bill Nighy, Steven Cree",Discworld,38
The Wee Free Men (NEW RECORDING),Terry Pratchett,"Indira Varma, Peter Serafinowicz, Bill Nighy, Steven Cree",Discworld,30
Wintersmith (NEW RECORDING),Terry Pratchett,"Indira Varma, Peter Serafinowicz, Bill Nighy, Steven Cree",Discworld,35
A Hat Full of Sky [NEW RECORDING],Terry Pratchett,"Indira Varma, Peter Serafinowicz, Bill Nighy, Steven Cree",Discworld,32
Night Watch [NEW RECORDING],Terry Pratchett,"Jon Culshaw, Peter Serafinowicz, Bill Nighy",Discworld,29
The Science of Discworld,"Terry Pratchett, Ian Stewart, Jack Cohen","Stephen Briggs, Michael Fenton Stevens",Science of Discworld,1
The Science of Discworld II: The Globe,"Terry Pratchett, Ian Stewart, Jack Cohen","Stephen Briggs, Michael Fenton Stevens",Science of Discworld,2
The Science of Discworld III:  Darwin's Watch,"Terry Pratchett, Ian Stewart, Jack Cohen","Stephen Briggs, Michael Fenton Stevens",Science of Discworld,3
The Science of Discworld IV: Judgement Day,"Terry Pratchett, Ian Stewart, Jack Cohen",Michael Fenton,Science of Discworld,4
The Shepherd's Crown (NEW RECORDING),"Terry Pratchett, Paul Kidby","Indira Varma, Peter Serafinowicz, Bill Nighy, Steven Cree",Discworld,41
Hannibal,Thomas Harris,Daniel Gerroll,Hannibal Lecter,3
Red Dragon,Thomas Harris,Alan Sklar,Hannibal Lecter,1
The Silence of the Lambs,Thomas Harris,Frank Muller,Hannibal Lecter,2
Bossypants,Tina Fey,Tina Fey,,
Patriot Games,Tom Clancy,Michael Prichard,Jack Ryan,1
"Earth, Air, Fire and Custard",Tom Holt,Ray Sawyer,"J. W. Wells & Co.,",3
In Your Dreams,Tom Holt,Ray Sawyer,"J. W. Wells & Co.,",2
The Portable Door,Tom Holt,Ray Sawyer,"J. W. Wells & Co.,",1
Born a Crime- Stories from a South African Childhood,Trevor Noah,Trevor Noah,,
The Left Hand of Darkness,Ursula K. Le Guin,George Guidall,The Hainish Cycle,1
A Darker Shade of Magic,V. E. Schwab,Steven Crossley,A Darker Shade of Magic,1
A Gathering of Shadows,V. E. Schwab,"Kate Reading, Michael Kramer",A Darker Shade of Magic,2
A Conjuring of Light,V. E. Schwab,"Kate Reading, Michael Kramer",A Darker Shade of Magic,3
1979,Val McDermid,Katie Leung,Allie Burns Series,1
Fever of the Bone,Val McDermid,Saul Reichlin,Tony Hill & Carol Jordan,6
Mermaids Singing,Val McDermid,Saul Reichlin,Tony Hill & Carol Jordan,1
The Distant Echo,Val McDermid,Tom Cotcher,Karen Pirie,1
The Last Temptation,Val McDermid,Saul Reichlin,Tony Hill & Carol Jordan,3
The Retribution,Val McDermid,Saul Reichlin,Tony Hill & Carol Jordan,7
The Torment of Others,Val McDermid,Saul Reichlin,Tony Hill & Carol Jordan,4
The Wire in the Blood,Val McDermid,Saul Reichlin,Tony Hill & Carol Jordan,2
Trick of the Dark,Val McDermid,"Juanita McMahon, Gerri Halligar",,
A Fire Upon the Deep,Vernor Vinge,Peter Larkin,,
Dinnerladies: A BBC Collection,Victoria Wood,"Victoria Wood, Full Cast",,
Q & A,Vikas Swarup,Christopher Simpson,,
A Canticle for Leibowitz,Walter M. Miller Jr.,Tom Weiner,,
Crooked Little Vein,Warren Ellis,Todd McLaren,,
Gun Machine,Warren Ellis,Reg E. Cathey,,
Normal,Warren Ellis,John Hodgman,,
Neuromancer,William Gibson,Jason Flemyng,Sprawl Trilogy,1
Lord of the Flies,William Golding,Martin Jarvis,,
Existentially Challenged,Yahtzee Croshaw,Yahtzee Croshaw,The DEDA Files,2
Will Destroy the Galaxy for Cash,Yahtzee Croshaw,Yahtzee Croshaw,Jacques McKeown,2
Will Save the Galaxy for Food,Yahtzee Croshaw,Yahtzee Croshaw,Jacques McKeown,1
Life of Pi,Yann Martel,Sanjeev Bhaskar,,
The Salvage Crew,Yudhanjaya Wijeratne,Nathan Fillion,,
The Dark,,,,
Apples Never Fall,,,,
